chinese_pharmaceutical_name,pinyin,property,meridian,taste
艾叶,Ai Ye,Warm,"Liver meridian,Spleen meridian,Kidney meridian","Bitter,Pungent"
安息香,An Xi Xiang,Warm,"Liver meridian,Spleen meridian,Heart meridian","Bitter,Pungent"
八角茴香,Ba Jiao Hui Xiang,Warm,"Spleen meridian,Kidney meridian","Sweet,Pungent"
巴豆,Ba Dou,Hot,"Large intestine meridian,Stomach meridian",Pungent
巴豆霜,Ba Dou Shuang,Hot,"Large intestine meridian,Stomach meridian",Pungent
巴戟天,Ba Ji Tian,Warm,"Liver meridian,Kidney meridian","Sweet,Pungent"
菝葜,Ba Qia,Even,"Liver meridian,Kidney meridian","Sweet,Astringent,Mildly bitter"
白扁豆,Bai Bian Dou,Mildly warm,"Spleen meridian,Stomach meridian",Sweet
白附子,Bai Fu Zi,Warm,"Liver meridian,Stomach meridian",Pungent
白果,Bai Guo,Even,"Lung meridian,Kidney meridian","Sweet,Bitter,Astringent"
白及,Bai Ji,Cool,Lung meridian,"Sweet,Bitter"
白蔹,Bai Lian,Cool,"Liver meridian,Spleen meridian,Heart meridian","Sweet,Bitter,Pungent"
白茅根,Bai Mao Gen,Cold,"Lung meridian,Stomach meridian,Small intestine meridianOthers meridian",Sweet
白前,Bai Qian,Mildly warm,Lung meridian,"Bitter,Pungent"
白屈菜,Bai Qu Cai,Cool,"Lung meridian,Stomach meridian",Bitter
白芍,Bai Shao,Mildly cold,"Liver meridian,Spleen meridian","Bitter,Sour"
白术,Bai Zhu,Warm,"Spleen meridian,Stomach meridian","Sweet,Bitter"
白头翁,Bai Tou Weng,Cold,"Large intestine meridian,Liver meridian,Stomach meridian",Bitter
白薇,Bai Wei,Cold,"Liver meridian,Kidney meridian,Stomach meridian","Bitter,Salty"
白鲜皮,Bai Xian Pi,Cold,"Bladder meridian,Spleen meridian,Stomach meridian",Bitter
白芷,Bai Zhi,Warm,"Large intestine meridian,Lung meridian,Stomach meridian",Pungent
百部,Bai Bu,Mildly warm,Lung meridian,"Sweet,Bitter"
百合,Bai He,Cold,"Lung meridian,Heart meridian",Sweet
柏子仁,Bai Zi Ren,Even,"Liver meridian,Spleen meridian,Heart meridian",Sweet
板蓝根,Ban Lan Gen,Cold,"Stomach meridian,Heart meridian",Bitter
半边莲,Ban Bian Lian,Even,"Lung meridian,Small intestine meridian,Heart meridianOthers meridian",Pungent
半夏,Ban Xia,Warm,"Spleen meridian,Stomach meridian",Pungent
半枝莲,Ban Zhi Lian,Cold,"Lung meridian,Liver meridian,Kidney meridian","Bitter,Pungent"
薄荷,Bo He,Cool,"Liver meridian,Lung meridian",Pungent
北豆根,Bei Dou Gen,Cold,"Large intestine meridian,Lung meridian,Stomach meridian",Bitter
北刘寄奴,Bei Liu Ji Nu,Warm,"Spleen meridian,Heart meridian",Bitter
北沙参,Bei Sha Shen,Cool,"Lung meridian,Spleen meridian","Bland,Sweet,Bitter"
荜茇,Bi Bo,Hot,"Spleen meridian,Stomach meridian",Pungent
荜澄茄,Bi Cheng Qie,Warm,"Spleen meridian,Kidney meridian",Pungent
蓖麻子,Bi Ma Zi,Even,"Large intestine meridian,Lung meridian","Sweet,Pungent"
萹蓄,Bian Xu,Mildly cold,Bladder meridian,Bitter
槟榔,Bin Lang,Warm,"Large intestine meridian,Spleen meridian,Stomach meridian","Bitter,Pungent"
冰片,Bing Pian,Cool,"Lung meridian,Heart meridian","Bitter,Pungent"
补骨脂,Bu Gu Zhi,Warm,Kidney meridian,Pungent
苍耳子,Cang Er Zi,Warm,"Lung meridian,Liver meridian",Sweet
苍术,Cang Zhu,Warm,"Spleen meridian,Stomach meridian","Bitter,Pungent"
草豆蔻,Cao Dou Kou,Warm,"Spleen meridian,Stomach meridian",Pungent
草果,Cao Guo,Warm,"Spleen meridian,Stomach meridian",Pungent
草乌,Cao Wu,Hot,"Liver meridian,Spleen meridian,Heart meridian","Bitter,Pungent"
侧柏叶,Ce Bai Ye,Cold,"Large intestine meridian,Liver meridian,Heart meridian","Bitter,Astringent"
柴胡,Chai Hu,Mildly cold,"Gallbladder meridian,Lung meridian,Liver meridian","Bitter,Pungent"
常山,Chang Shan,Cold,"Liver meridian,Spleen meridian","Bitter,Pungent"
车前草,Che Qian Cao,Cold,"Bladder meridian,Kidney meridian",Sweet
车前子,Che Qian Zi,Cold,"Bladder meridian,Kidney meridian",Sweet
沉香,Chen Xiang,Warm,"Spleen meridian,Kidney meridian,Stomach meridian","Bitter,Pungent"
陈皮,Chen Pi,Warm,"Lung meridian,Spleen meridian","Bitter,Pungent"
赤芍,Chi Shao,Cool,"Liver meridian,Spleen meridian","Bitter,Sour"
赤小豆,Chi Xiao Dou,Even,"Small intestine meridian,Heart meridianOthers meridian","Sweet,Sour"
川贝母,Chuan Bei Mu,Cool,Lung meridian,"Sweet,Bitter"
川楝子,Chuan Lian Zi,Cold,"Bladder meridian,Liver meridian,Small intestine meridianOthers meridian",Bitter
川木通,Chuan Mu Tong,Cold,"Bladder meridian,Small intestine meridian,Heart meridianOthers meridian",Bitter
川木香,Chuan Mu Xiang,Warm,"Large intestine meridian,Gallbladder meridian,Spleen meridian,Stomach meridian","Bitter,Pungent"
川牛膝,Chuan Niu Xi,Even,"Liver meridian,Kidney meridian","Sweet,Bitter,Sour"
川乌,Chuan Wu,Hot,"Liver meridian,Spleen meridian,Kidney meridian,Heart meridian","Bitter,Pungent"
川芎,Chuan Xiong,Warm,"Gallbladder meridian,Liver meridian",Pungent
穿山龙,Chuan Shan Long,Mildly cold,"Lung meridian,Liver meridian",Bitter
穿心莲,Chuan Xin Lian,Cold,"Bladder meridian,Large intestine meridian,Lung meridian,Heart meridian",Bitter
垂盆草,Chui Pen Cao,Cool,"Gallbladder meridian,Liver meridian,Small intestine meridianOthers meridian",Sweet
刺五加,Ci Wu Jia,Warm,"Spleen meridian,Kidney meridian,Heart meridian","Mildly bitter,Pungent"
大黄,Da Huang,Cold,"Large intestine meridian,Liver meridian,Stomach meridian",Bitter
大蓟,Da Ji,Cool,"Liver meridian,Heart meridian","Sweet,Bitter"
大青叶,Da Qing Ye,Cold,"Liver meridian,Stomach meridian,Heart meridian",Bitter
大蒜,Da Suan,Warm,"Lung meridian,Spleen meridian,Stomach meridian",Pungent
大血藤,Da Xue Teng,Even,"Large intestine meridian,Liver meridian",Bitter
大叶紫珠,Da Ye Zi Zhu,Even,"Lung meridian,Liver meridian,Stomach meridian","Bitter,Pungent"
大枣,Da Zao,Warm,"Spleen meridian,Stomach meridian,Heart meridian",Sweet
大皂角,Da Zao Jiao,Warm,"Large intestine meridian,Lung meridian","Salty,Pungent"
丹参,Dan Shen,Mildly warm,"Liver meridian,Heart meridian",Bitter
淡竹叶,Dan Zhu Ye,Cold,"Stomach meridian,Small intestine meridian,Heart meridianOthers meridian","Bland,Sweet"
当归,Dang Gui,Warm,"Liver meridian,Spleen meridian,Heart meridian","Sweet,Pungent"
当药,Dang Yao,Cold,"Large intestine meridian,Liver meridian,Stomach meridian",Bitter
党参,Dang Shen,Even,"Lung meridian,Spleen meridian",Sweet
刀豆,Dao Dou,Warm,"Kidney meridian,Stomach meridian",Sweet
灯心草,Deng Xin Cao,Mildly cold,"Lung meridian,Small intestine meridian,Heart meridianOthers meridian","Bland,Sweet"
灯盏细辛,Deng Zhan Xi Xin,Warm,"Liver meridian,Heart meridian","Mildly bitter,Pungent"
地骨皮,Di Gu Pi,Cold,"Liver meridian,Lung meridian",Sweet
地黄,Di Huang,Cool,"Heart meridian, Liver meridian, Kidney meridian","Sweet,Bitter"
地榆,Di Yu,Mildly cold,"Large intestine meridian,Liver meridian","Bitter,Astringent,Sour"
颠茄草,Dian Qie Cao,N/A,N/AOthers meridian,"Mildly bitter,Pungent"
丁公藤,Ding Gong Teng,Warm,"Liver meridian,Spleen meridian,Stomach meridian",Pungent
丁香,Ding Xiang,Warm,"Lung meridian,Spleen meridian,Kidney meridian,Stomach meridian",Pungent
冬瓜皮,Dong Gua Pi,Cool,"Spleen meridian,Small intestine meridianOthers meridian",Sweet
冬凌草,Dong Ling Cao,Mildly cold,"Lung meridian,Liver meridian,Stomach meridian","Sweet,Bitter"
豆蔻,Dou Kou,Warm,"Lung meridian,Spleen meridian,Stomach meridian",Pungent
独活,Du Huo,Mildly warm,"Bladder meridian,Kidney meridian","Bitter,Pungent"
独一味,Du Yi Wei,Even,Liver meridian,"Sweet,Bitter"
杜仲,Du Zhong,Warm,"Liver meridian,Kidney meridian",Sweet
杜仲叶,Du Zhong Ye,Cold,"Liver meridian,Kidney meridian","Sweet,Bitter"
莪术,E Zhu,N/A,"Liver meridian,Spleen meridian","Bitter,Pungent"
鹅不食草,E Bu Shi Cao,Warm,Lung meridian,Pungent
番泻叶,Fan Xie Ye,Cold,Large intestine meridian,"Sweet,Bitter"
防风,Fang Feng,Mildly warm,"Bladder meridian,Liver meridian,Spleen meridian","Sweet,Pungent"
防己,Fang Ji,Cold,"Bladder meridian,Lung meridian",Bitter
佛手,Fo Shou,Warm,"Lung meridian,Liver meridian,Spleen meridian,Stomach meridian","Bitter,Sour,Pungent"
茯苓,Fu Ling,Even,"Lung meridian,Spleen meridian,Kidney meridian,Heart meridian","Bland,Sweet"
浮萍,Fu Ping,Cold,Lung meridian,Pungent
附子,Fu Zi,Great hot,"Spleen meridian,Kidney meridian,Heart meridian","Sweet,Pungent"
覆盆子,Fu Pen Zi,Warm,N/AOthers meridian,"Sweet,Sour"
甘草,Gan Cao,Even,"Lung meridian,Spleen meridian,Stomach meridian,Heart meridian",Sweet
甘松,Gan Song,Warm,"Spleen meridian,Stomach meridian","Sweet,Pungent"
甘遂,Gan Sui,Cold,"Large intestine meridian,Lung meridian,Stomach meridian",Bitter
干姜,Gan Jiang,Hot,"Lung meridian,Spleen meridian,Kidney meridian,Stomach meridian,Heart meridian",Pungent
杠板归,Gong Ban Gui,Mildly cold,"Bladder meridian,Lung meridian",Sour
高良姜,Gao Liang Jiang,Hot,"Spleen meridian,Stomach meridian",Pungent
藁本,Gao Ben,Warm,Bladder meridian,Pungent
葛根,Ge Gen,Cool,"Lung meridian,Spleen meridian,Stomach meridian","Sweet,Pungent"
钩藤,Gou Teng,Cool,"Liver meridian,Pericardium meridianOthers meridian",Sweet
枸骨叶,Gou Gu Ye,Even,Stomach meridian,"Bitter,Astringent"
枸杞子,Gou Qi Zi,Even,"Liver meridian,Kidney meridian",Sweet
谷精草,Gu Jing Cao,Even,"Lung meridian,Liver meridian","Sweet,Pungent"
骨碎补,Gu Sui Bu,Warm,"Liver meridian,Kidney meridian",Bitter
瓜蒌,Gua Lou,Cold,"Large intestine meridian,Lung meridian,Stomach meridian","Sweet,Mildly bitter"
广藿香,Guang Huo Xiang,Warm,"Spleen meridian, Stomach meridian, Lung meridian",Pungent
广金钱草,Guang Jin Qian Cao,Cool,"Bladder meridian,Liver meridian,Kidney meridian",Sweet
桂枝,Gui Zhi,Warm,"Bladder meridian,Lung meridian,Heart meridian","Sweet,Pungent"
海风藤,Hai Feng Teng,Mildly warm,Liver meridian,"Bitter,Pungent"
海金沙,Hai Jin Sha,Cold,"Bladder meridian,Small intestine meridianOthers meridian","Sweet,Salty"
海藻（羊栖菜）,Hai Zao （Yang Qi Cai ）,Cold,"Liver meridian,Triple burner meridian,Kidney meridian,Stomach meridianOthers meridian","Bitter,Salty"
诃子,He Zi,Even,"Large intestine meridian,Lung meridian","Bitter,Astringent,Sour"
合欢花,He Huan Hua,Even,"Liver meridian,Heart meridian",Sweet
合欢皮,He Huan Pi,Even,"Lung meridian,Liver meridian,Heart meridian",Sweet
何首乌,He Shou Wu,Mildly warm,"Liver meridian,Kidney meridian,Heart meridian","Sweet,Bitter,Astringent"
荷叶,He Ye,Even,"Liver meridian,Spleen meridian,Stomach meridian",Bitter
黑豆,Hei Dou,Even,"Spleen meridian,Kidney meridian",Sweet
黑芝麻,Hei Zhi Ma,Even,"Large intestine meridian,Liver meridian,Kidney meridian",Sweet
黑种草子,Hei Zhong Cao Zi,Warm,N/AOthers meridian,"Sweet,Pungent"
红参,Hong Shen,Warm,"Lung meridian,Spleen meridian,Triple burner meridian,Kidney meridian,Heart meridianOthers meridian","Sweet,Mildly bitter"
红花,Hong Hua,Warm,"Liver meridian,Heart meridian",Pungent
红景天,Hong Jing Tian,Even,"Lung meridian,Heart meridian","Sweet,Bitter"
厚朴,Hou Pu,Warm,"Large intestine meridian,Lung meridian,Spleen meridian,Stomach meridian","Bitter,Pungent"
胡黄连,Hu Huang Lian,Cold,"Large intestine meridian,Liver meridian,Stomach meridian",Bitter
胡椒,Hu Jiao,Hot,"Large intestine meridian,Stomach meridian",Pungent
胡芦巴,Hu Lu Ba,Warm,Kidney meridian,Bitter
槲寄生,Hu Ji Sheng,Even,"Liver meridian,Kidney meridian",Bitter
虎杖,Hu Zhang,Mildly cold,"Gallbladder meridian,Lung meridian,Liver meridian",Mildly bitter
花椒,Hua Jiao,Warm,"Spleen meridian,Kidney meridian,Stomach meridian",Pungent
化橘红,Hua Ju Hong,Warm,"Lung meridian, Spleen meridian","Pungent,Bitter"
槐花,Huai Hua,Mildly cold,"Large intestine meridian,Liver meridian",Bitter
槐角,Huai Jiao,Cold,"Large intestine meridian,Liver meridian",Bitter
黄柏,Huang Bai,Cold,"Bladder meridian,Kidney meridian",Bitter
黄精,Huang Jing,Even,"Lung meridian,Spleen meridian,Kidney meridian",Sweet
黄连,Huang Lian,Cold,"Large intestine meridian,Gallbladder meridian,Liver meridian,Spleen meridian,Stomach meridian,Heart meridian",Bitter
黄芪,Huang Qi,Mildly warm,"Lung meridian,Spleen meridian",Sweet
黄芩,Huang Qin,Cold,"Large intestine meridian,Gallbladder meridian,Lung meridian,Spleen meridian,Small intestine meridianOthers meridian",Bitter
黄山药,Huang Shan Yao,Even,"Stomach meridian,Heart meridian","Bitter,Mildly pungent"
黄蜀葵花,Huang Shu Kui Hua,Cold,"Bladder meridian,Kidney meridian",Sweet
火麻仁,Huo Ma Ren,Even,"Large intestine meridian,Spleen meridian,Stomach meridian",Sweet
鸡骨草,Ji Gu Cao,Cool,"Liver meridian,Stomach meridian","Sweet,Mildly bitter"
鸡冠花,Ji Guan Hua,Cool,"Large intestine meridian,Liver meridian","Sweet,Astringent"
鸡血藤,Ji Xue Teng,Warm,"Liver meridian,Kidney meridian","Sweet,Bitter"
积雪草,Ji Xue Cao,Cold,"Liver meridian,Spleen meridian,Kidney meridian","Bitter,Pungent"
急性子,Ji Xing Zi,Warm,"Lung meridian,Liver meridian","Mildly bitter,Pungent"
蒺藜,Ji Li,Mildly warm,Liver meridian,"Bitter,Pungent"
姜黄,Jiang Huang,Warm,"Liver meridian,Spleen meridian","Bitter,Pungent"
降香,Jiang Xiang,Warm,"Liver meridian,Spleen meridian",Pungent
焦栀子,Jiao Zhi Zi,Cold,"Lung meridian,Triple burner meridian,Heart meridianOthers meridian",Bitter
芥子,Jie Zi,Warm,Lung meridian,Pungent
金沸草,Jin Fei Cao,Warm,"Large intestine meridian,Lung meridian","Bitter,Salty,Pungent"
金果榄,Jin Guo Lan,Cold,"Large intestine meridian,Lung meridian",Bitter
金钱草,Jin Qian Cao,Mildly cold,"Bladder meridian,Gallbladder meridian,Liver meridian,Kidney meridian","Sweet,Salty"
金铁锁,Jin Tie Suo,Warm,Liver meridian,"Bitter,Pungent"
金银花,Jin Yin Hua,Cold,"Lung meridian,Stomach meridian,Heart meridian",Sweet
金樱子,Jin Ying Zi,Even,"Bladder meridian,Large intestine meridian,Kidney meridian","Sweet,Astringent,Sour"
筋骨草,Jin Gu Cao,Cold,Lung meridian,Bitter
荆芥,Jing Jie,Mildly warm,"Lung meridian,Liver meridian","Astringent,Pungent"
九里香,Jiu Li Xiang,Warm,N/AOthers meridian,"Mildly bitter,Pungent"
韭菜子,Jiu Cai Zi,Warm,"Liver meridian,Kidney meridian","Sweet,Pungent"
救必应,Jiu Bi Ying,Cold,"Large intestine meridian,Lung meridian,Liver meridian,Stomach meridian",Bitter
桔梗,Jie Geng,Even,Lung meridian,"Bitter,Pungent"
菊花,Ju Hua,Mildly cold,"Lung meridian,Liver meridian","Sweet,Bitter"
菊苣,Ju Ju,Cool,"Gallbladder meridian,Liver meridian,Stomach meridian","Mildly bitter,Salty"
橘核,Ju He,Even,"Liver meridian,Kidney meridian",Bitter
卷柏,Juan Bai,Even,"Liver meridian,Heart meridian",Pungent
决明子,Jue Ming Zi,Mildly cold,"Large intestine meridian,Liver meridian","Sweet,Bitter,Salty"
榼藤子,Ke Teng Zi,Cool,"Liver meridian,Spleen meridian,Kidney meridian,Stomach meridian",Mildly bitter
苦参,Ku Shen,Cold,"Bladder meridian,Large intestine meridian,Liver meridian,Stomach meridian,Heart meridian",Bitter
苦地丁,Ku Di Ding,Cold,"Large intestine meridian,Liver meridian,Heart meridian",Bitter
苦楝皮,Ku Lian Pi,Cold,"Liver meridian,Spleen meridian,Stomach meridian",Bitter
苦木,Ku Mu,Cold,"Large intestine meridian,Lung meridian",Bitter
苦杏仁,Ku Xing Ren,Warm,"Lung meridian, Large intestine meridian",Bitter
苦玄参,Ku Xuan Shen,Cold,"Lung meridian,Liver meridian,Stomach meridian",Bitter
款冬花,Kuan Dong Hua,Warm,Lung meridian,"Mildly bitter,Pungent"
昆布,Kun Bu,Cold,"Liver meridian,Kidney meridian,Stomach meridian",Salty
辣椒,La Jiao,Hot,"Spleen meridian,Heart meridian",Pungent
莱菔子,Lai Fu Zi,Mildly cold,"Lung meridian,Liver meridian,Stomach meridian","Sweet,Bitter"
狼毒,Lang Du,Even,"Liver meridian,Spleen meridian",Pungent
老鹳草,Lao Guan Cao,Even,"Liver meridian,Spleen meridian,Kidney meridian","Bitter,Pungent"
雷公藤,Lei Gong Teng,Cool,"Liver meridian,Triple burner meridian,Kidney meridianOthers meridian","Bitter,Pungent"
连钱草,Lian Qian Cao,Mildly cold,"Bladder meridian,Liver meridian,Kidney meridian","Mildly bitter,Pungent"
连翘,Lian Qiao,Mildly cold,"Lung meridian,Small intestine meridian,Heart meridianOthers meridian",Bitter
莲子,Lian Zi,Even,"Spleen meridian,Kidney meridian,Heart meridian","Sweet,Astringent"
莲子心,Lian Zi Xin,Cold,"Kidney meridian,Heart meridian",Bitter
两面针,Liang Mian Zhen,Even,"Liver meridian, Stomach meridian","Bitter,Pungent"
蓼大青叶,Liao Da Qing Ye,Cold,"Stomach meridian,Heart meridian",Bitter
灵芝,Ling Zhi,Even,"Lung meridian,Liver meridian,Kidney meridian,Heart meridian",Sweet
龙胆,Long Dan,Cold,"Gallbladder meridian,Liver meridian",Bitter
龙葵,Long Kui,Cold,"Bladder meridian,Liver meridian,Kidney meridian","Bitter,Mildly sweet"
龙眼肉,Long Yan Rou,Warm,Heart and spleen meridiansOthers meridian,Sweet
漏芦,Lou Lu,Cold,Stomach meridian,Bitter
芦根,Lu Gen,Cold,"Bladder meridian,Lung meridian,Stomach meridian",Sweet
芦荟,Lu Hui,Cold,"Large intestine meridian,Liver meridian",Bitter
鹿衔草,Lu Xian Cao,N/A,N/AOthers meridian,N/A
路路通,Lu Lu Tong,Even,"Bladder meridian,Liver meridian",Bitter
罗布麻叶,Luo Bu Ma Ye,Cool,Liver meridian,"Sweet,Bitter"
罗汉果,Luo Han Guo,Cool,"Spleen meridian,Spleen meridian",Sweet
络石藤,Luo Shi Teng,Mildly cold,"Liver meridian,Kidney meridian,Heart meridian","Bitter,Pungent"
麻黄,Ma Huang,Warm,"Bladder meridian,Lung meridian","Mildly bitter,Pungent"
麻黄根,Ma Huang Gen,Even,Lung meridian,"Sweet,Mildly astringent"
马鞭草,Ma Bian Cao,Cold,"Liver meridian,Spleen meridian","Bitter,Pungent"
马齿苋,Ma Chi Xian,Cold,"Large intestine meridian,Liver meridian",Sour
马兜铃,Ma Dou Ling,Mildly cold,"Large intestine meridian,Lung meridian",Bitter
马钱子,Ma Qian Zi,Cold,"Liver meridian,Spleen meridian",Bitter
麦冬,Mai Dong,Mildly cold,"Lung meridian,Stomach meridian,Heart meridian","Sweet,Mildly bitter"
麦芽,Mai Ya,Even,"Spleen meridian,Stomach meridian",Sweet
满山红,Man Shan Hong,Cold,Lung meridian,"Bitter,Pungent"
蔓荆子,Man Jing Zi,Mildly cold,"Bladder meridian,Liver meridian,Stomach meridian","Bitter,Pungent"
没药,Mo Yao,Even,"Liver meridian,Spleen meridian,Heart meridian","Bitter,Pungent"
玫瑰花,Mei Gui Hua,Warm,"Liver meridian,Spleen meridian","Sweet,Mildly bitter"
密蒙花,Mi Meng Hua,Mildly cold,Liver meridian,Sweet
绵萆薢,Mian Bi Xie,Even,"Kidney meridian,Stomach meridian",Bitter
明党参,Ming Dang Shen,Mildly cold,"Lung meridian,Liver meridian,Spleen meridian","Sweet,Mildly bitter"
墨旱莲,Mo Han Lian,Cool,"Kidney meridian, Liver meridian","Sweet,Sour"
牡丹皮,Mu Dan Pi,Mildly cold,"Liver meridian,Kidney meridian,Heart meridian","Bitter,Pungent"
牡荆叶,Mu Jing Ye,Even,Lung meridian,"Mildly bitter,Pungent"
木鳖子,Mu Bie Zi,Cool,"Liver meridian,Spleen meridian,Stomach meridian","Bitter,Mildly sweet"
木瓜,Mu Gua,Warm,"Liver meridian,Spleen meridian",Sour
木蝴蝶,Mu Hu Die,Cool,"Liver meridian,Lung meridian,Stomach meridian","Sweet,Bitter"
木通,Mu Tong,Cold,"Bladder meridian,Small intestine meridian,Heart meridianOthers meridian",Bitter
木香,Mu Xiang,Warm,"Large intestine meridian,Gallbladder meridian,Spleen meridian,Triple burner meridian,Stomach meridianOthers meridian","Bitter,Pungent"
木贼,Mu Zei,Even,"Lung meridian,Liver meridian","Sweet,Bitter"
南鹤虱,Nan He Shi,Even,"Spleen meridian,Stomach meridian","Bitter,Pungent"
南五味子,Nan Wu Wei Zi,Warm,"Lung meridian,Kidney meridian,Heart meridian","Sweet,Sour"
闹羊花,Nao Yang Hua,Warm,Liver meridian,Pungent
牛蒡子,Niu Bang Zi,Cold,"Lung meridian,Stomach meridian","Bitter,Pungent"
牛膝,Niu Xi,Even,"Liver meridian,Kidney meridian","Sweet,Bitter,Sour"
女贞子,Nv Zhen Zi,Cool,"Liver meridian,Kidney meridian","Sweet,Bitter"
藕节,Ou Jie,Even,"Lung meridian,Liver meridian,Stomach meridian","Sweet,Astringent"
胖大海,Pang Da Hai,Cold,"Large intestine meridian,Lung meridian",Sweet
佩兰,Pei Lan,Even,"Lung meridian,Spleen meridian,Stomach meridian",Pungent
枇杷叶,Pi Pa Ye,Mildly cold,"Lung meridian,Stomach meridian",Bitter
偏头七,Pian Tou Qi,Cold,"Liver meridian,Spleen meridian,Kidney meridian","Bitter,Mildly sweet"
平贝母,Ping Bei Mu,Mildly cold,"Lung meridian,Heart meridian","Sweet,Bitter"
蒲公英,Pu Gong Ying,Cold,"Liver meridian,Stomach meridian","Sweet,Bitter"
蒲黄,Pu Huang,Even,"Liver meridian,Pericardium meridianOthers meridian",Sweet
千金子,Qian Jin Zi,Warm,"Large intestine meridian,Liver meridian,Kidney meridian",Pungent
千里光,Qian Li Guang,Cold,"Lung meridian,Liver meridian",Bitter
牵牛子,Qian Niu Zi,Cold,"Large intestine meridian,Lung meridian,Kidney meridian",Bitter
前胡,Qian Hu,Mildly cold,Lung meridian,"Bitter,Pungent"
芡实,Qian Shi,Even,"Spleen meridian,Kidney meridian","Sweet,Astringent"
茜草,Qian Cao,Cold,Liver meridian,Bitter
羌活,Qiang Huo,Warm,"Bladder meridian,Kidney meridian","Bitter,Pungent"
秦艽,Qin Jiao,Even,"Gallbladder meridian,Liver meridian,Stomach meridian","Bitter,Pungent"
青风藤,Qing Feng Teng,Even,"Liver meridian,Spleen meridian","Bitter,Pungent"
青果,Qing Guo,Even,"Lung meridian,Stomach meridian","Sweet,Sour"
青蒿,Qing Hao,Cold,"Gallbladder meridian,Liver meridian","Bitter,Pungent"
青皮,Qing Pi,Warm,"Liver meridian, Gallbladder meridian, Stomach meridian","Bitter,Pungent"
青葙子,Qing Xiang Zi,Mildly cold,Liver meridian,Bitter
青叶胆,Qing Ye Dan,Cold,"Bladder meridian,Gallbladder meridian,Liver meridian","Sweet,Bitter"
拳参,Quan Shen,Mildly cold,"Large intestine meridian,Lung meridian,Liver meridian","Bitter,Astringent"
人参,Ren Shen,Mildly warm,"Lung meridian,Spleen meridian,Kidney meridian,Heart meridian","Sweet,Mildly bitter"
人参叶,Ren Shen Ye,Cold,"Lung meridian,Stomach meridian","Sweet,Bitter"
忍冬藤,Ren Dong Teng,Cold,"Lung meridian,Stomach meridian",Sweet
肉苁蓉,Rou Cong Rong,Warm,"Large intestine meridian,Kidney meridian","Sweet,Salty"
肉豆蔻,Rou Dou Kou,Warm,"Large intestine meridian,Spleen meridian,Stomach meridian",Pungent
肉桂,Rou Gui,Great hot,"Liver meridian,Spleen meridian,Kidney meridian,Heart meridian","Sweet,Pungent"
乳香,Ru Xiang,Warm,"Liver meridian,Spleen meridian,Heart meridian","Bitter,Pungent"
三白草,San Bai Cao,Cold,"Bladder meridian,Lung meridian","Sweet,Pungent"
三颗针,San Ke Zhen,Cold,"Large intestine meridian,Liver meridian,Stomach meridian",Bitter
三棱,San Leng,Even,"Liver meridian,Spleen meridian","Bitter,Pungent"
三七,San Qi,Warm,"Liver meridian,Stomach meridian","Sweet,Mildly bitter"
桑白皮,Sang Bai Pi,Cold,Lung meridian,Sweet
桑寄生,Sang Ji Sheng,Even,"Liver meridian,Kidney meridian","Sweet,Bitter"
桑叶,Sang Ye,Cold,"Lung meridian,Liver meridian","Sweet,Bitter"
桑枝,Sang Zhi,Even,Liver meridian,Mildly bitter
砂仁,Sha Ren,Warm,"Spleen meridian,Kidney meridian,Stomach meridian",Pungent
山慈菇,Shan Ci Gu,Cool,"Liver meridian,Spleen meridian","Sweet,Mildly pungent"
山豆根,Shan Dou Gen,Cold,"Lung meridian,Stomach meridian",Bitter
山柰,Shan Nai,Cold,"Lung meridian,Liver meridian",Bitter
山药,Shan Yao,Even,"Lung meridian,Spleen meridian,Kidney meridian",Sweet
山楂,Shan Zha,Mildly warm,"Liver meridian,Spleen meridian,Stomach meridian","Sweet,Sour"
山茱萸,Shan Zhu Yu,Mildly warm,"Liver meridian,Kidney meridian","Astringent,Sour"
商陆,Shang Lu,Cold,"Large intestine meridian,Lung meridian,Spleen meridian,Kidney meridian",Bitter
蛇床子,She Chuang Zi,Warm,Kidney meridian,"Bitter,Pungent"
射干,She Gan,Cold,Lung meridian,Bitter
升麻,Sheng Ma,Mildly cold,"Large intestine meridian,Lung meridian,Spleen meridian,Stomach meridian","Mildly sweet,Pungent"
生姜,Sheng Jiang,Mildly warm,"Lung meridian,Spleen meridian,Stomach meridian",Pungent
蓍草,Shi Cao,Even,"Bladder meridian,Lung meridian,Spleen meridian","Bitter,Sour"
石菖蒲,Shi Chang Pu,Warm,"Stomach meridian,Heart meridian","Bitter,Pungent"
石吊兰,Shi Diao Lan,Warm,Lung meridian,Bitter
石斛,Shi Hu,Mildly cold,"Stomach meridian,Triple burner meridian,Kidney meridianOthers meridian",Sweet
石榴皮,Shi Liu Pi,Warm,Large intestine meridian,"Astringent,Sour"
石韦,Shi Wei,Mildly cold,"Bladder meridian,Lung meridian","Sweet,Bitter"
使君子,Shi Jun Zi,Warm,"Spleen meridian,Stomach meridian",Sweet
柿蒂,Shi Di,Even,Stomach meridian,"Bitter,Astringent"
水飞蓟,Shui Fei Ji,Cool,"Gallbladder meridian,Liver meridian",Bitter
丝瓜络,Si Gua Luo,Even,"Lung meridian,Liver meridian,Stomach meridian",Sweet
四季青,Si Ji Qing,Cool,"Bladder meridian,Large intestine meridian,Lung meridian","Bitter,Astringent"
苏合香,Su He Xiang,Warm,"Spleen meridian,Heart meridian",Pungent
苏木,Su Mu,Even,"Liver meridian,Spleen meridian,Heart meridian","Sweet,Salty"
酸枣仁,Suan Zao Ren,Even,"Gallbladder meridian,Liver meridian,Heart meridian","Sweet,Sour"
娑罗子,Suo Luo Zi,Warm,"Liver meridian,Stomach meridian",Sweet
锁阳,Suo Yang,Warm,"Large intestine meridian,Liver meridian,Kidney meridian",Sweet
太子参,Tai Zi Shen,Even,"Lung meridian,Spleen meridian","Sweet,Mildly bitter"
檀香,Tan Xiang,Warm,"Lung meridian,Spleen meridian,Stomach meridian,Heart meridian",Pungent
桃仁,Tao Ren,Even,"Large intestine meridian,Liver meridian,Heart meridian","Sweet,Bitter"
桃枝,Tao Zhi,Even,"Liver meridian,Heart meridian",Bitter
天冬,Tian Dong,Cold,"Lung meridian,Kidney meridian","Sweet,Bitter"
天花粉,Tian Hua Fen,Mildly cold,"Lung meridian,Stomach meridian","Sweet,Mildly bitter"
天麻,Tian Ma,Even,Liver meridian,Sweet
天南星,Tian Nan Xing,Warm,"Lung meridian,Liver meridian,Spleen meridian","Bitter,Pungent"
天仙藤,Tian Xian Teng,Warm,"Liver meridian,Spleen meridian,Kidney meridian",Bitter
天仙子,Tian Xian Zi,Warm,"Liver meridian,Stomach meridian,Heart meridian","Bitter,Pungent"
天竺黄,Tian Zhu Huang,Cool,"Heart meridian, Liver meridian",Sweet
葶苈子,Ting Li Zi,Great cold,"Bladder meridian,Lung meridian","Bitter,Pungent"
土贝母,Tu Bei Mu,Mildly cold,"Lung meridian,Spleen meridian",Bitter
土茯苓,Tu Fu Ling,Even,"Liver meridian,Stomach meridian","Bland,Sweet"
土荆皮,Tu Jing Pi,Warm,"Lung meridian,Spleen meridian",Pungent
土木香,Tu Mu Xiang,Warm,"Liver meridian,Spleen meridian","Bitter,Pungent"
菟丝子,Tu Si Zi,Even,"Liver meridian,Spleen meridian,Kidney meridian","Sweet,Pungent"
王不留行,Wang Bu Liu Xing,Even,"Liver meridian,Stomach meridian",Bitter
威灵仙,Wei Ling Xian,Warm,Bladder meridian,"Salty,Pungent"
委陵菜,Wei Ling Cai,Cold,"Large intestine meridian,Liver meridian",Bitter
乌梅,Wu Mei,Even,"Large intestine meridian,Lung meridian,Liver meridian,Spleen meridian","Astringent,Sour"
乌药,Wu Yao,Warm,"Bladder meridian,Lung meridian,Spleen meridian,Kidney meridian",Pungent
吴茱萸,Wu Zhu Yu,Hot,"Liver meridian,Spleen meridian,Kidney meridian,Stomach meridian","Bitter,Pungent"
五加皮,Wu Jia Pi,Warm,"Liver meridian, Kidney meridian","Pungent,Bitter,Sweet"
五味子,Wu Wei Zi,Warm,"Lung meridian,Kidney meridian,Heart meridian","Sweet,Sour"
西洋参,Xi Yang Shen,Cool,"Lung meridian,Kidney meridian,Heart meridian","Sweet,Mildly bitter"
菥蓂,Xi Ming,Mildly cold,"Large intestine meridian,Liver meridian,Stomach meridian",Pungent
豨莶草,Xi Xian Cao,Cold,"Liver meridian,Kidney meridian","Bitter,Pungent"
细辛,Xi Xin,Warm,"Lung meridian,Kidney meridian,Heart meridian",Pungent
夏枯草,Xia Ku Cao,Cold,"Gallbladder meridian,Liver meridian","Bitter,Pungent"
夏天无,Xia Tian Wu,Warm,Liver meridian,"Bitter,Mildly pungent"
仙鹤草,Xian He Cao,Even,"Liver meridian,Heart meridian","Bitter,Astringent"
仙茅,Xian Mao,Hot,"Liver meridian,Spleen meridian,Kidney meridian",Pungent
香附,Xiang Fu,Even,"Liver meridian,Spleen meridian,Triple burner meridianOthers meridian","Mildly sweet,Mildly bitter,Pungent"
香加皮,Xiang Jia Pi,Warm,"Liver meridian,Kidney meridian,Heart meridian","Bitter,Pungent"
香薷,Xiang Ru,Mildly warm,"Lung meridian,Stomach meridian",Pungent
香橼,Xiang Yuan,Warm,"Lung meridian,Liver meridian,Spleen meridian","Bitter,Sour,Pungent"
小茴香,Xiao Hui Xiang,Warm,"Liver meridian,Spleen meridian,Kidney meridian,Stomach meridian",Pungent
小蓟,Xiao Ji,Cool,"Liver meridian,Heart meridian","Sweet,Bitter"
薤白,Xie Bai,Warm,"Large intestine meridian,Lung meridian,Stomach meridian,Heart meridian","Bitter,Pungent"
辛夷,Xin Yi,Warm,"Lung meridian,Stomach meridian",Pungent
徐长卿,Xu Chang Qing,Warm,"Liver meridian,Stomach meridian",Pungent
续断,Xu Duan,Mildly warm,"Liver meridian,Kidney meridian","Bitter,Pungent"
玄参,Xuan Shen,Mildly cold,"Lung meridian,Kidney meridian,Stomach meridian","Sweet,Bitter,Salty"
旋覆花,Xuan Fu Hua,Mildly warm,"Large intestine meridian,Lung meridian,Spleen meridian,Stomach meridian","Bitter,Salty,Pungent"
血竭,Xue Jie,Even,"Liver meridian,Heart meridian","Sweet,Salty"
鸦胆子,Ya Dan Zi,Cold,"Large intestine meridian,Liver meridian",Bitter
鸭跖草,Ya Zhi Cao,Cold,"Lung meridian,Stomach meridian,Small intestine meridianOthers meridian","Bland,Sweet"
亚麻子,Ya Ma Zi,Even,"Large intestine meridian,Lung meridian,Liver meridian",Sweet
延胡索,Yan Hu Suo,Warm,"Liver meridian,Spleen meridian","Bitter,Pungent"
岩白菜,Yan Bai Cai,Even,"Lung meridian,Liver meridian,Spleen meridian","Bitter,Astringent"
洋金花,Yang Jin Hua,Warm,"Lung meridian,Liver meridian",Pungent
药王茶,Yao Wang Cha,Even,"Heart meridian,liver and spleen meridiansOthers meridian",Mildly sweet
野菊花,Ye Ju Hua,Mildly cold,"Liver meridian,Heart meridian","Bitter,Pungent"
野木瓜,Ye Mu Gua,Even,"Liver meridian,Stomach meridian",Mildly bitter
一枝黄花,Yi Zhi Huang Hua,Cool,"Lung meridian,Liver meridian","Bitter,Pungent"
伊贝母,Yi Bei Mu,Mildly cold,"Lung meridian,Heart meridian","Sweet,Bitter"
益母草,Yi Mu Cao,Mildly cold,"Bladder meridian,Liver meridian,Pericardium meridianOthers meridian","Bitter,Pungent"
益智,Yi Zhi,Warm,"Spleen meridian,Kidney meridian",Pungent
薏苡仁,Yi Yi Ren,Cool,"Lung meridian,Spleen meridian,Stomach meridian","Bland,Sweet"
茵陈,Yin Chen,Mildly cold,"Gallbladder meridian,Liver meridian,Spleen meridian,Stomach meridian","Bitter,Pungent"
银柴胡,Yin Chai Hu,Mildly cold,"Liver meridian,Stomach meridian",Sweet
淫羊藿,Yin Yang Huo,Warm,"Liver meridian,Triple burner meridian,Kidney meridianOthers meridian","Sweet,Mildly bitter,Pungent"
罂粟壳,Ying Su Ke,Even,"Large intestine meridian,Lung meridian,Kidney meridian","Astringent,Sour"
鱼腥草,Yu Xing Cao,Mildly cold,Lung meridian,Pungent
玉竹,Yu Zhu,Mildly cold,"Lung meridian,Stomach meridian",Sweet
郁金,Yu Jin,Cold,"Lung meridian,Liver meridian,Heart meridian","Bitter,Pungent"
郁李仁,Yu Li Ren,Even,"Large intestine meridian,Spleen meridian,Small intestine meridianOthers meridian","Sweet,Bitter,Pungent"
预知子,Yu Zhi Zi,Cold,"Bladder meridian,Gallbladder meridian,Liver meridian,Stomach meridian",Bitter
芫花,Yuan Hua,Warm,"Lung meridian,Spleen meridian,Kidney meridian","Bitter,Pungent"
远志,Yuan Zhi,Warm,"Lung meridian,Kidney meridian,Heart meridian","Bitter,Pungent"
月季花,Yue Ji Hua,Warm,Liver meridian,"Sweet,Mildly bitter"
皂角刺,Zao Jiao Ci,Warm,"Liver meridian,Stomach meridian",Pungent
泽兰,Ze Lan,Mildly warm,"Liver meridian,Spleen meridian","Bitter,Pungent"
泽泻,Ze Xie,Cold,"Bladder meridian,Kidney meridian","Bland,Sweet"
浙贝母,Zhe Bei Mu,Cold,"Lung meridian,Heart meridian",Bitter
知母,Zhi Mu,Cold,"Lung meridian,Kidney meridian,Stomach meridian","Sweet,Bitter"
栀子,Zhi Zi,Cold,"Lung meridian,Triple burner meridian,Heart meridianOthers meridian",Bitter
蜘蛛香,Zhi Zhu Xiang,Warm,"Spleen meridian,Stomach meridian,Heart meridian","Mildly bitter,Pungent"
枳壳,Zhi Qiao,Mildly cold,"Spleen meridian,Stomach meridian","Bitter,Sour,Pungent"
枳实,Zhi Shi,Mildly cold,"Spleen meridian,Stomach meridian","Bitter,Sour,Pungent"
肿节风,Zhong Jie Feng,Even,"Liver meridian,Heart meridian","Bitter,Pungent"
朱砂根,Zhu Sha Gen,Even,"Lung meridian,Liver meridian","Mildly bitter,Pungent"
珠子参,Zhu Zi Shen,Cold,"Lung meridian,Liver meridian,Stomach meridian","Mildly sweet,Bitter"
猪牙皂,Zhu Ya Zao,Warm,"Lung meridian, Large intestine meridian","Pungent,Salty"
竹根七,Zhu Gen Qi,Cold,"Liver meridian,Spleen meridian,Kidney meridian","Bitter,Mildly sweet"
竹茹,Zhu Ru,Mildly cold,"Gallbladder meridian,Lung meridian,Stomach meridian,Heart meridian",Sweet
追风七（蓝布正）,Zhui Feng Qi （Lan Bu Zheng ）,Cool,"Lung meridian,Liver meridian,Spleen meridian","Sweet,Mildly bitter"
紫草,Zi Cao,Cold,"Liver meridian,Heart meridian","Sweet,Salty"
紫花地丁,Zi Hua Di Ding,Cold,"Liver meridian,Heart meridian","Bitter,Pungent"
紫苏梗,Zi Su Geng,Warm,"Lung meridian,Spleen meridian",Pungent
紫苏叶,Zi Su Ye,Warm,"Lung meridian,Spleen meridian",Pungent
紫苏子,Zi Su Zi,Warm,Lung meridian,Pungent
紫菀,Zi Wan,Warm,Lung meridian,"Bitter,Pungent"
棕榈,Zong Lv,Even,"Large intestine meridian,Lung meridian,Liver meridian","Bitter,Astringent"